ID,이름,구분,무관·문관,업무 역할,성별,대표 나이,키(cm),체중(kg),체형,연도별 소속·지역,초상 파일,시트 칸(0부터),인물 출처·성격
fictional:adie:001,아아르칸 (가상),fictional,무관,수비 지휘,male,22.0,163.0,52.0,slender,663 아질:steppe_adie / 660 아질:steppe_adie / 642 아질:steppe_adie / 632 아질:steppe_adie / 670 아질:steppe_adie,res://assets/portraits/fictional_20261008/final_sheet_01.png,0.0,user_authorized_fictional_regional_staff_20261008
fictional:adie:002,아아르투 (가상),fictional,문관,행정,female,29.0,164.0,59.0,average build,642 아질:steppe_adie / 632 아질:steppe_adie,res://assets/portraits/fictional_20261008/final_sheet_01.png,1.0,user_authorized_fictional_regional_staff_20261008
fictional:baekje:001,해도겸 (가상),fictional,무관,야전 지휘,male,36.0,185.0,110.0,"overweight, full cheeks and soft rounded belly",663 백제부흥군:geummajeo / 660 백제:daegaya / 642 백제:daegaya / 632 백제:geummajeo,res://assets/portraits/fictional_20261008/final_sheet_01.png,2.0,user_authorized_fictional_regional_staff_20261008
fictional:baekje:002,해무겸 (가상),fictional,문관,군수 행정,female,43.0,162.0,66.0,"muscular, defined not fat",663 백제부흥군:geummajeo / 660 백제:daegaya / 642 백제:daegaya / 632 백제:geummajeo,res://assets/portraits/fictional_20261008/final_sheet_01.png,3.0,user_authorized_fictional_regional_staff_20261008
fictional:baekje:003,해연겸 (가상),fictional,무관,수비 지휘,male,26.0,183.0,70.0,compact wiry,663 백제부흥군:geummajeo / 660 백제:daegaya / 642 백제:daegaya / 632 백제:gosa,res://assets/portraits/fictional_20261008/final_sheet_01.png,4.0,user_authorized_fictional_regional_staff_20261008
fictional:baekje:004,해진겸 (가상),fictional,문관,행정,male,33.0,170.0,56.0,slender,663 백제부흥군:geummajeo / 660 백제:daegaya / 642 백제:daegaya / 632 백제:gosa,res://assets/portraits/fictional_20261008/final_sheet_01.png,5.0,user_authorized_fictional_regional_staff_20261008
fictional:baekje:005,해태겸 (가상),fictional,무관,야전 지휘,female,40.0,171.0,64.0,average build,663 백제부흥군:gosa / 660 백제:daegaya / 642 백제:daegaya / 632 백제:gosa,res://assets/portraits/fictional_20261008/final_sheet_01.png,6.0,user_authorized_fictional_regional_staff_20261008
fictional:baekje:006,해선겸 (가상),fictional,문관,군수 행정,male,23.0,168.0,64.0,lean athletic,663 백제부흥군:gosa / 660 백제:daegaya / 642 백제:daegaya / 632 백제:imjonseong,res://assets/portraits/fictional_20261008/final_sheet_01.png,7.0,user_authorized_fictional_regional_staff_20261008
fictional:baekje:007,해백겸 (가상),fictional,무관,수비 지휘,female,30.0,169.0,71.0,"muscular, defined not fat",663 백제부흥군:gosa / 660 백제:geummajeo / 642 백제:geummajeo / 632 백제:imjonseong,res://assets/portraits/fictional_20261008/final_sheet_01.png,8.0,user_authorized_fictional_regional_staff_20261008
fictional:baekje:008,해현겸 (가상),fictional,문관,행정,male,37.0,166.0,58.0,compact wiry,663 백제부흥군:gosa / 660 백제:geummajeo / 642 백제:geummajeo / 632 백제:imjonseong,res://assets/portraits/fictional_20261008/final_sheet_01.png,9.0,user_authorized_fictional_regional_staff_20261008
fictional:baekje:009,해영겸 (가상),fictional,무관,야전 지휘,male,44.0,177.0,61.0,slender,663 백제부흥군:imjonseong / 660 백제:gosa / 642 백제:gosa / 632 백제:imjonseong,res://assets/portraits/fictional_20261008/final_sheet_01.png,10.0,user_authorized_fictional_regional_staff_20261008
fictional:baekje:010,해정겸 (가상),fictional,문관,군수 행정,female,27.0,154.0,52.0,average build,663 백제부흥군:imjonseong / 660 백제:gosa / 642 백제:gosa / 632 백제:imjonseong,res://assets/portraits/fictional_20261008/final_sheet_01.png,11.0,user_authorized_fictional_regional_staff_20261008
fictional:baekje:011,해도온 (가상),fictional,무관,수비 지휘,male,34.0,175.0,69.0,lean athletic,663 백제부흥군:imjonseong / 660 백제:imjonseong / 642 백제:imjonseong / 632 백제:imjonseong,res://assets/portraits/fictional_20261008/final_sheet_01.png,12.0,user_authorized_fictional_regional_staff_20261008
fictional:baekje:012,해무온 (가상),fictional,문관,행정,female,41.0,176.0,99.0,"overweight, full cheeks and soft rounded belly",663 백제부흥군:imjonseong / 660 백제:imjonseong / 642 백제:imjonseong / 632 백제:juryuseong,res://assets/portraits/fictional_20261008/final_sheet_01.png,13.0,user_authorized_fictional_regional_staff_20261008
fictional:baekje:013,해연온 (가상),fictional,무관,야전 지휘,male,24.0,173.0,63.0,compact wiry,663 백제부흥군:imjonseong / 660 백제:imjonseong / 642 백제:imjonseong / 632 백제:juryuseong,res://assets/portraits/fictional_20261008/final_sheet_01.png,14.0,user_authorized_fictional_regional_staff_20261008
fictional:baekje:014,해진온 (가상),fictional,문관,군수 행정,male,31.0,184.0,66.0,slender,663 백제부흥군:imjonseong / 660 백제:imjonseong / 642 백제:imjonseong / 632 백제:sabi,res://assets/portraits/fictional_20261008/final_sheet_01.png,15.0,user_authorized_fictional_regional_staff_20261008
fictional:baekje:015,해태온 (가상),fictional,무관,수비 지휘,female,38.0,161.0,57.0,average build,663 백제부흥군:juryuseong / 660 백제:juryuseong / 642 백제:imjonseong / 632 백제:sabi,res://assets/portraits/fictional_20261008/final_sheet_02.png,0.0,user_authorized_fictional_regional_staff_20261008
fictional:baekje:016,해선온 (가상),fictional,문관,행정,male,45.0,182.0,75.0,lean athletic,663 백제부흥군:juryuseong / 660 백제:juryuseong / 642 백제:imjonseong / 632 백제:ungjin,res://assets/portraits/fictional_20261008/final_sheet_02.png,1.0,user_authorized_fictional_regional_staff_20261008
fictional:baekje:017,해백온 (가상),fictional,무관,야전 지휘,female,28.0,159.0,63.0,"muscular, defined not fat",663 백제부흥군:juryuseong / 660 백제:sabi / 642 백제:juryuseong / 632 백제:ungjin,res://assets/portraits/fictional_20261008/final_sheet_02.png,2.0,user_authorized_fictional_regional_staff_20261008
fictional:baekje:018,해현온 (가상),fictional,문관,군수 행정,male,35.0,180.0,68.0,compact wiry,663 백제부흥군:juryuseong / 660 백제:sabi / 642 백제:juryuseong / 632 백제:ungjin,res://assets/portraits/fictional_20261008/final_sheet_02.png,3.0,user_authorized_fictional_regional_staff_20261008
fictional:baekje:019,해영온 (가상),fictional,무관,수비 지휘,male,42.0,167.0,54.0,slender,660 백제:sogaya / 642 백제:sabi / 632 백제:ungjin,res://assets/portraits/fictional_20261008/final_sheet_02.png,4.0,user_authorized_fictional_regional_staff_20261008
fictional:baekje:020,해정온 (가상),fictional,문관,행정,female,25.0,168.0,62.0,average build,660 백제:sogaya / 642 백제:sabi / 632 백제:yeongsangang,res://assets/portraits/fictional_20261008/final_sheet_02.png,5.0,user_authorized_fictional_regional_staff_20261008
fictional:baekje:021,해도찬 (가상),fictional,무관,야전 지휘,male,32.0,165.0,87.0,"overweight, full cheeks and soft rounded belly",660 백제:sogaya / 642 백제:sogaya / 632 백제:yeongsangang,res://assets/portraits/fictional_20261008/final_sheet_02.png,6.0,user_authorized_fictional_regional_staff_20261008
fictional:baekje:022,해무찬 (가상),fictional,문관,군수 행정,female,39.0,166.0,69.0,"muscular, defined not fat",660 백제:sogaya / 642 백제:sogaya / 632 백제:yeongsangang,res://assets/portraits/fictional_20261008/final_sheet_02.png,7.0,user_authorized_fictional_regional_staff_20261008
fictional:baekje:023,해연찬 (가상),fictional,무관,수비 지휘,male,22.0,163.0,56.0,compact wiry,660 백제:ungjin / 642 백제:sogaya / 632 백제:yeongsangang,res://assets/portraits/fictional_20261008/final_sheet_02.png,8.0,user_authorized_fictional_regional_staff_20261008
fictional:baekje:024,해진찬 (가상),fictional,문관,행정,male,29.0,174.0,59.0,slender,660 백제:ungjin / 642 백제:sogaya / 632 백제:yeongsangang,res://assets/portraits/fictional_20261008/final_sheet_02.png,9.0,user_authorized_fictional_regional_staff_20261008
fictional:baekje:025,해태찬 (가상),fictional,무관,야전 지휘,female,36.0,175.0,67.0,average build,660 백제:ungjin / 642 백제:ungjin / 632 백제:yeongsangang,res://assets/portraits/fictional_20261008/final_sheet_02.png,10.0,user_authorized_fictional_regional_staff_20261008
fictional:baekje:026,해선찬 (가상),fictional,문관,군수 행정,male,43.0,172.0,67.0,lean athletic,660 백제:yeongsangang / 642 백제:ungjin,res://assets/portraits/fictional_20261008/final_sheet_02.png,11.0,user_authorized_fictional_regional_staff_20261008
fictional:baekje:027,해백찬 (가상),fictional,무관,수비 지휘,female,26.0,173.0,75.0,"muscular, defined not fat",660 백제:yeongsangang / 642 백제:ungjin,res://assets/portraits/fictional_20261008/final_sheet_02.png,12.0,user_authorized_fictional_regional_staff_20261008
fictional:baekje:028,해현찬 (가상),fictional,문관,행정,male,33.0,170.0,61.0,compact wiry,660 백제:yeongsangang / 642 백제:yeongsangang,res://assets/portraits/fictional_20261008/final_sheet_02.png,13.0,user_authorized_fictional_regional_staff_20261008
fictional:baekje:029,해영찬 (가상),fictional,무관,야전 지휘,male,40.0,181.0,64.0,slender,660 백제:yeongsangang / 642 백제:yeongsangang,res://assets/portraits/fictional_20261008/final_sheet_02.png,14.0,user_authorized_fictional_regional_staff_20261008
fictional:baekje:030,해정찬 (가상),fictional,문관,군수 행정,female,23.0,158.0,55.0,average build,642 백제:yeongsangang,res://assets/portraits/fictional_20261008/final_sheet_02.png,15.0,user_authorized_fictional_regional_staff_20261008
fictional:baekje:031,해도율 (가상),fictional,무관,수비 지휘,male,30.0,179.0,72.0,lean athletic,642 백제:yeongsangang,res://assets/portraits/fictional_20261008/final_sheet_03.png,0.0,user_authorized_fictional_regional_staff_20261008
fictional:bayegu:001,아바르칸 (가상),fictional,문관,행정,female,37.0,156.0,78.0,"overweight, full cheeks and soft rounded belly",663 발야고:steppe_bayegu / 660 발야고:steppe_bayegu / 642 발야고:steppe_bayegu / 632 발야고:steppe_bayegu / 670 발야고:steppe_bayegu,res://assets/portraits/fictional_20261008/final_sheet_03.png,1.0,user_authorized_fictional_regional_staff_20261008
fictional:bayegu:002,아바르투 (가상),fictional,무관,야전 지휘,male,44.0,177.0,66.0,compact wiry,642 발야고:steppe_bayegu / 632 발야고:steppe_bayegu,res://assets/portraits/fictional_20261008/final_sheet_03.png,2.0,user_authorized_fictional_regional_staff_20261008
fictional:duolange:001,아도르칸 (가상),fictional,문관,군수 행정,male,27.0,164.0,52.0,slender,663 다람갈:steppe_duolange / 660 다람갈:steppe_duolange / 642 다람갈:steppe_duolange / 632 다람갈:steppe_duolange / 670 다람갈:steppe_duolange,res://assets/portraits/fictional_20261008/final_sheet_03.png,3.0,user_authorized_fictional_regional_staff_20261008
fictional:duolange:002,아도르투 (가상),fictional,무관,수비 지휘,female,34.0,165.0,60.0,average build,642 다람갈:steppe_duolange / 632 다람갈:steppe_duolange,res://assets/portraits/fictional_20261008/final_sheet_03.png,4.0,user_authorized_fictional_regional_staff_20261008
fictional:goguryeo:001,을도겸 (가상),fictional,문관,행정,male,41.0,186.0,78.0,lean athletic,663 고구려:ansi / 660 고구려:ansi / 642 고구려:ansi / 632 고구려:ansi / 670 고구려부흥군:geummajeo,res://assets/portraits/fictional_20261008/final_sheet_03.png,5.0,user_authorized_fictional_regional_staff_20261008
fictional:goguryeo:002,을무겸 (가상),fictional,무관,야전 지휘,female,24.0,163.0,66.0,"muscular, defined not fat",663 고구려:bireyeolhol / 660 고구려:bireyeolhol / 642 고구려:bireyeolhol / 632 고구려:bireyeolhol / 670 고구려부흥군:geummajeo,res://assets/portraits/fictional_20261008/final_sheet_03.png,6.0,user_authorized_fictional_regional_staff_20261008
fictional:goguryeo:003,을연겸 (가상),fictional,문관,군수 행정,male,31.0,184.0,71.0,compact wiry,663 고구려:bireyeolhol / 660 고구려:bireyeolhol / 642 고구려:bireyeolhol / 632 고구려:bireyeolhol / 670 고구려부흥군:geummajeo,res://assets/portraits/fictional_20261008/final_sheet_03.png,7.0,user_authorized_fictional_regional_staff_20261008
fictional:goguryeo:004,을진겸 (가상),fictional,무관,수비 지휘,male,38.0,171.0,57.0,slender,663 고구려:chaekseong / 660 고구려:chaekseong / 642 고구려:chaekseong / 632 고구려:chaekseong / 670 고구려부흥군:geummajeo,res://assets/portraits/fictional_20261008/final_sheet_03.png,8.0,user_authorized_fictional_regional_staff_20261008
fictional:goguryeo:005,을태겸 (가상),fictional,문관,행정,female,45.0,172.0,65.0,average build,663 고구려:chaekseong / 660 고구려:chaekseong / 642 고구려:chaekseong / 632 고구려:chaekseong / 670 고구려부흥군:hwanghae,res://assets/portraits/fictional_20261008/final_sheet_03.png,9.0,user_authorized_fictional_regional_staff_20261008
fictional:goguryeo:006,을선겸 (가상),fictional,무관,야전 지휘,male,28.0,169.0,91.0,"overweight, full cheeks and soft rounded belly",663 고구려:daedonggang / 660 고구려:daedonggang / 642 고구려:daedonggang / 632 고구려:daedonggang / 670 고구려부흥군:hwanghae,res://assets/portraits/fictional_20261008/final_sheet_03.png,10.0,user_authorized_fictional_regional_staff_20261008
fictional:goguryeo:007,을백겸 (가상),fictional,문관,군수 행정,female,35.0,170.0,72.0,"muscular, defined not fat",663 고구려:daedonggang / 660 고구려:daedonggang / 642 고구려:daedonggang / 632 고구려:daedonggang / 670 고구려부흥군:hwanghae,res://assets/portraits/fictional_20261008/final_sheet_03.png,11.0,user_authorized_fictional_regional_staff_20261008
fictional:goguryeo:008,을현겸 (가상),fictional,무관,수비 지휘,male,42.0,167.0,59.0,compact wiry,663 고구려:daedonggang / 660 고구려:daedonggang / 642 고구려:daedonggang / 632 고구려:daedonggang / 670 고구려부흥군:hwanghae,res://assets/portraits/fictional_20261008/final_sheet_03.png,12.0,user_authorized_fictional_regional_staff_20261008
fictional:goguryeo:009,을영겸 (가상),fictional,문관,행정,male,25.0,178.0,62.0,slender,663 고구려:daedonggang / 660 고구려:daedonggang / 642 고구려:daedonggang / 632 고구려:daedonggang / 670 고구려부흥군:hwanghae,res://assets/portraits/fictional_20261008/final_sheet_03.png,13.0,user_authorized_fictional_regional_staff_20261008
fictional:goguryeo:010,을정겸 (가상),fictional,무관,야전 지휘,female,32.0,155.0,53.0,average build,663 고구려:geonanseong / 660 고구려:geonanseong / 642 고구려:geonanseong / 632 고구려:geonanseong / 670 고구려부흥군:hwanghae,res://assets/portraits/fictional_20261008/final_sheet_03.png,14.0,user_authorized_fictional_regional_staff_20261008
fictional:goguryeo:011,을도온 (가상),fictional,문관,군수 행정,male,39.0,176.0,70.0,lean athletic,663 고구려:geonanseong / 660 고구려:geonanseong / 642 고구려:geonanseong / 632 고구려:geonanseong / 670 고구려부흥군:hwanghae,res://assets/portraits/fictional_20261008/final_sheet_03.png,15.0,user_authorized_fictional_regional_staff_20261008
fictional:goguryeo:012,을무온 (가상),fictional,무관,수비 지휘,female,22.0,153.0,59.0,"muscular, defined not fat",663 고구려:goksan / 660 고구려:goksan / 642 고구려:goksan / 632 고구려:goksan,res://assets/portraits/fictional_20261008/final_sheet_04.png,0.0,user_authorized_fictional_regional_staff_20261008
fictional:goguryeo:013,을연온 (가상),fictional,문관,행정,male,29.0,174.0,64.0,compact wiry,663 고구려:goksan / 660 고구려:goksan / 642 고구려:goksan / 632 고구려:goksan,res://assets/portraits/fictional_20261008/final_sheet_04.png,1.0,user_authorized_fictional_regional_staff_20261008
fictional:goguryeo:014,을진온 (가상),fictional,무관,야전 지휘,male,36.0,185.0,67.0,slender,663 고구려:goksan / 660 고구려:goksan / 642 고구려:goksan / 632 고구려:goksan,res://assets/portraits/fictional_20261008/final_sheet_04.png,2.0,user_authorized_fictional_regional_staff_20261008
fictional:goguryeo:015,을태온 (가상),fictional,문관,군수 행정,female,43.0,162.0,58.0,average build,663 고구려:goksan / 660 고구려:goksan / 642 고구려:goksan / 632 고구려:goksan,res://assets/portraits/fictional_20261008/final_sheet_04.png,3.0,user_authorized_fictional_regional_staff_20261008
fictional:goguryeo:016,을선온 (가상),fictional,무관,수비 지휘,male,26.0,183.0,75.0,lean athletic,663 고구려:goksan / 660 고구려:goksan / 642 고구려:goksan / 632 고구려:goksan,res://assets/portraits/fictional_20261008/final_sheet_04.png,4.0,user_authorized_fictional_regional_staff_20261008
fictional:goguryeo:017,을백온 (가상),fictional,문관,행정,female,33.0,160.0,82.0,"overweight, full cheeks and soft rounded belly",663 고구려:goksan / 660 고구려:goksan / 642 고구려:goksan / 632 고구려:goksan,res://assets/portraits/fictional_20261008/final_sheet_04.png,5.0,user_authorized_fictional_regional_staff_20261008
fictional:goguryeo:018,을현온 (가상),fictional,무관,야전 지휘,male,40.0,181.0,69.0,compact wiry,663 고구려:gungnae / 660 고구려:gungnae / 642 고구려:gungnae / 632 고구려:gungnae,res://assets/portraits/fictional_20261008/final_sheet_04.png,6.0,user_authorized_fictional_regional_staff_20261008
fictional:goguryeo:019,을영온 (가상),fictional,문관,군수 행정,male,23.0,168.0,55.0,slender,663 고구려:hwanghae / 660 고구려:hwanghae / 642 고구려:gungnae / 632 고구려:gungnae,res://assets/portraits/fictional_20261008/final_sheet_04.png,7.0,user_authorized_fictional_regional_staff_20261008
fictional:goguryeo:020,을정온 (가상),fictional,무관,수비 지휘,female,30.0,169.0,63.0,average build,663 고구려:hwanghae / 660 고구려:hwanghae / 642 고구려:hwanghae / 632 고구려:hwanghae,res://assets/portraits/fictional_20261008/final_sheet_04.png,8.0,user_authorized_fictional_regional_staff_20261008
fictional:goguryeo:021,을도찬 (가상),fictional,문관,행정,male,37.0,166.0,62.0,lean athletic,663 고구려:hwanghae / 660 고구려:hwanghae / 642 고구려:hwanghae / 632 고구려:hwanghae,res://assets/portraits/fictional_20261008/final_sheet_04.png,9.0,user_authorized_fictional_regional_staff_20261008
fictional:goguryeo:022,을무찬 (가상),fictional,무관,야전 지휘,female,44.0,167.0,70.0,"muscular, defined not fat",663 고구려:hwanghae / 660 고구려:hwanghae / 642 고구려:hwanghae / 632 고구려:hwanghae,res://assets/portraits/fictional_20261008/final_sheet_04.png,10.0,user_authorized_fictional_regional_staff_20261008
fictional:goguryeo:023,을연찬 (가상),fictional,문관,군수 행정,male,27.0,164.0,56.0,compact wiry,663 고구려:hwanghae / 660 고구려:hwanghae / 642 고구려:hwanghae / 632 고구려:hwanghae,res://assets/portraits/fictional_20261008/final_sheet_04.png,11.0,user_authorized_fictional_regional_staff_20261008
fictional:goguryeo:024,을진찬 (가상),fictional,무관,수비 지휘,male,34.0,175.0,60.0,slender,663 고구려:hwanghae / 660 고구려:hwanghae / 642 고구려:hwanghae / 632 고구려:hwanghae,res://assets/portraits/fictional_20261008/final_sheet_04.png,12.0,user_authorized_fictional_regional_staff_20261008
fictional:goguryeo:025,을태찬 (가상),fictional,문관,행정,female,41.0,176.0,68.0,average build,663 고구려:pyongyang / 660 고구려:pyongyang / 642 고구려:hwanghae / 632 고구려:hwanghae,res://assets/portraits/fictional_20261008/final_sheet_04.png,13.0,user_authorized_fictional_regional_staff_20261008
fictional:goguryeo:026,을선찬 (가상),fictional,무관,야전 지휘,male,24.0,173.0,96.0,"overweight, full cheeks and soft rounded belly",663 고구려:pyongyang / 660 고구려:pyongyang / 642 고구려:pyongyang / 632 고구려:pyongyang,res://assets/portraits/fictional_20261008/final_sheet_04.png,14.0,user_authorized_fictional_regional_staff_20261008
fictional:goguryeo:027,을백찬 (가상),fictional,문관,군수 행정,female,31.0,174.0,76.0,"muscular, defined not fat",663 고구려:pyongyang / 660 고구려:pyongyang / 642 고구려:pyongyang / 632 고구려:pyongyang,res://assets/portraits/fictional_20261008/final_sheet_04.png,15.0,user_authorized_fictional_regional_staff_20261008
fictional:goguryeo:028,을현찬 (가상),fictional,무관,수비 지휘,male,38.0,171.0,61.0,compact wiry,663 고구려:shinseong / 660 고구려:shinseong / 642 고구려:pyongyang / 632 고구려:pyongyang,res://assets/portraits/fictional_20261008/final_sheet_05.png,0.0,user_authorized_fictional_regional_staff_20261008
fictional:goguryeo:029,을영찬 (가상),fictional,문관,행정,male,45.0,182.0,65.0,slender,663 고구려:shinseong / 660 고구려:shinseong / 642 고구려:pyongyang / 632 고구려:pyongyang,res://assets/portraits/fictional_20261008/final_sheet_05.png,1.0,user_authorized_fictional_regional_staff_20261008
fictional:goguryeo:030,을정찬 (가상),fictional,무관,야전 지휘,female,28.0,159.0,56.0,average build,663 고구려:sokgunseong / 660 고구려:sokgunseong / 642 고구려:shinseong / 632 고구려:shinseong,res://assets/portraits/fictional_20261008/final_sheet_05.png,2.0,user_authorized_fictional_regional_staff_20261008
fictional:goguryeo:031,을도율 (가상),fictional,문관,군수 행정,male,35.0,180.0,73.0,lean athletic,663 고구려:sokgunseong / 660 고구려:sokgunseong / 642 고구려:shinseong / 632 고구려:shinseong,res://assets/portraits/fictional_20261008/final_sheet_05.png,3.0,user_authorized_fictional_regional_staff_20261008
fictional:goguryeo:032,을무율 (가상),fictional,무관,수비 지휘,female,42.0,157.0,62.0,"muscular, defined not fat",642 고구려:sokgunseong / 632 고구려:sokgunseong,res://assets/portraits/fictional_20261008/final_sheet_05.png,4.0,user_authorized_fictional_regional_staff_20261008
fictional:goguryeo:033,을연율 (가상),fictional,문관,행정,male,25.0,178.0,67.0,compact wiry,642 고구려:sokgunseong / 632 고구려:sokgunseong,res://assets/portraits/fictional_20261008/final_sheet_05.png,5.0,user_authorized_fictional_regional_staff_20261008
fictional:huihe:001,아우르칸 (가상),fictional,무관,야전 지휘,male,32.0,165.0,53.0,slender,663 회흘(위구르):steppe_huihe / 660 회흘(위구르):steppe_huihe / 642 회흘(위구르):steppe_huihe / 632 회흘(위구르):steppe_huihe / 670 회흘(위구르):steppe_huihe,res://assets/portraits/fictional_20261008/final_sheet_05.png,6.0,user_authorized_fictional_regional_staff_20261008
fictional:huihe:002,아우르투 (가상),fictional,문관,군수 행정,female,39.0,166.0,61.0,average build,642 회흘(위구르):steppe_huihe / 632 회흘(위구르):steppe_huihe,res://assets/portraits/fictional_20261008/final_sheet_05.png,7.0,user_authorized_fictional_regional_staff_20261008
fictional:hun:001,아후르칸 (가상),fictional,무관,수비 지휘,male,22.0,163.0,60.0,lean athletic,663 혼:steppe_hun / 660 혼:steppe_hun / 642 혼:steppe_hun / 632 혼:steppe_hun / 670 혼:steppe_hun,res://assets/portraits/fictional_20261008/final_sheet_05.png,8.0,user_authorized_fictional_regional_staff_20261008
fictional:hun:002,아후르투 (가상),fictional,문관,행정,female,29.0,164.0,86.0,"overweight, full cheeks and soft rounded belly",642 혼:steppe_hun / 632 혼:steppe_hun,res://assets/portraits/fictional_20261008/final_sheet_05.png,9.0,user_authorized_fictional_regional_staff_20261008
fictional:pugu:001,아보르칸 (가상),fictional,무관,야전 지휘,male,36.0,185.0,72.0,compact wiry,663 복골:steppe_pugu / 660 복골:steppe_pugu / 642 복골:steppe_pugu / 632 복골:steppe_pugu / 670 복골:steppe_pugu,res://assets/portraits/fictional_20261008/final_sheet_05.png,10.0,user_authorized_fictional_regional_staff_20261008
fictional:pugu:002,아보르투 (가상),fictional,문관,군수 행정,male,43.0,172.0,58.0,slender,642 복골:steppe_pugu / 632 복골:steppe_pugu,res://assets/portraits/fictional_20261008/final_sheet_05.png,11.0,user_authorized_fictional_regional_staff_20261008
fictional:qibi:001,아키르칸 (가상),fictional,무관,수비 지휘,female,26.0,173.0,66.0,average build,663 계필:steppe_qibi / 660 계필:steppe_qibi / 642 계필:steppe_qibi / 632 계필:steppe_qibi / 670 계필:steppe_qibi,res://assets/portraits/fictional_20261008/final_sheet_05.png,12.0,user_authorized_fictional_regional_staff_20261008
fictional:qibi:002,아키르투 (가상),fictional,문관,행정,male,33.0,170.0,65.0,lean athletic,642 계필:steppe_qibi / 632 계필:steppe_qibi,res://assets/portraits/fictional_20261008/final_sheet_05.png,13.0,user_authorized_fictional_regional_staff_20261008
fictional:sijie:001,아사르칸 (가상),fictional,무관,야전 지휘,female,40.0,171.0,73.0,"muscular, defined not fat",663 사결:steppe_sijie / 660 사결:steppe_sijie / 642 사결:steppe_sijie / 632 사결:steppe_sijie / 670 사결:steppe_sijie,res://assets/portraits/fictional_20261008/final_sheet_05.png,14.0,user_authorized_fictional_regional_staff_20261008
fictional:sijie:002,아사르투 (가상),fictional,문관,군수 행정,male,23.0,168.0,59.0,compact wiry,642 사결:steppe_sijie / 632 사결:steppe_sijie,res://assets/portraits/fictional_20261008/final_sheet_05.png,15.0,user_authorized_fictional_regional_staff_20261008
fictional:silla:001,박도겸 (가상),fictional,무관,수비 지휘,male,30.0,179.0,62.0,slender,663 신라:bukhansan / 660 신라:bukhansan / 642 신라:bukhansan / 632 신라:bukhansan / 670 신라:bukhansan,res://assets/portraits/fictional_20261008/final_sheet_06.png,0.0,user_authorized_fictional_regional_staff_20261008
fictional:silla:002,박무겸 (가상),fictional,문관,행정,female,37.0,156.0,54.0,average build,663 신라:bukhansan / 660 신라:bukhansan / 642 신라:bukhansan / 632 신라:bukhansan / 670 신라:bukhansan,res://assets/portraits/fictional_20261008/final_sheet_06.png,1.0,user_authorized_fictional_regional_staff_20261008
fictional:silla:003,박연겸 (가상),fictional,무관,야전 지휘,male,44.0,177.0,100.0,"overweight, full cheeks and soft rounded belly",663 신라:bukhansan / 660 신라:bukhansan / 642 신라:bukhansan / 632 신라:bukhansan / 670 신라:bukhansan,res://assets/portraits/fictional_20261008/final_sheet_06.png,2.0,user_authorized_fictional_regional_staff_20261008
fictional:silla:004,박진겸 (가상),fictional,문관,군수 행정,female,27.0,154.0,59.0,"muscular, defined not fat",663 신라:bukhansan / 660 신라:bukhansan / 642 신라:bukhansan / 632 신라:bukhansan / 670 신라:bukhansan,res://assets/portraits/fictional_20261008/final_sheet_06.png,3.0,user_authorized_fictional_regional_staff_20261008
fictional:silla:005,박태겸 (가상),fictional,무관,수비 지휘,male,34.0,175.0,64.0,compact wiry,663 신라:bukhansan / 660 신라:bukhansan / 642 신라:bukhansan / 632 신라:bukhansan / 670 신라:bukhansan,res://assets/portraits/fictional_20261008/final_sheet_06.png,4.0,user_authorized_fictional_regional_staff_20261008
fictional:silla:006,박선겸 (가상),fictional,문관,행정,male,41.0,186.0,67.0,slender,663 신라:bukhansan / 660 신라:bukhansan / 642 신라:bukhansan / 632 신라:bukhansan / 670 신라:chupungnyeong,res://assets/portraits/fictional_20261008/final_sheet_06.png,5.0,user_authorized_fictional_regional_staff_20261008
fictional:silla:007,박백겸 (가상),fictional,무관,야전 지휘,female,24.0,163.0,58.0,average build,663 신라:chupungnyeong / 660 신라:chupungnyeong / 642 신라:chupungnyeong / 632 신라:chupungnyeong / 670 신라:chupungnyeong,res://assets/portraits/fictional_20261008/final_sheet_06.png,6.0,user_authorized_fictional_regional_staff_20261008
fictional:silla:008,박현겸 (가상),fictional,문관,군수 행정,male,31.0,184.0,76.0,lean athletic,663 신라:chupungnyeong / 660 신라:chupungnyeong / 642 신라:chupungnyeong / 632 신라:chupungnyeong / 670 신라:daegaya,res://assets/portraits/fictional_20261008/final_sheet_06.png,7.0,user_authorized_fictional_regional_staff_20261008
fictional:silla:009,박영겸 (가상),fictional,무관,수비 지휘,female,38.0,161.0,65.0,"muscular, defined not fat",663 신라:chupungnyeong / 660 신라:chupungnyeong / 642 신라:chupungnyeong / 632 신라:chupungnyeong / 670 신라:daegaya,res://assets/portraits/fictional_20261008/final_sheet_06.png,8.0,user_authorized_fictional_regional_staff_20261008
fictional:silla:010,박정겸 (가상),fictional,문관,행정,male,45.0,182.0,70.0,compact wiry,663 신라:chupungnyeong / 660 신라:chupungnyeong / 642 신라:chupungnyeong / 632 신라:chupungnyeong / 670 신라:dalgubeol,res://assets/portraits/fictional_20261008/final_sheet_06.png,9.0,user_authorized_fictional_regional_staff_20261008
fictional:silla:011,박도온 (가상),fictional,무관,야전 지휘,male,28.0,169.0,56.0,slender,663 신라:daegaya / 660 신라:dalgubeol / 642 신라:dalgubeol / 632 신라:daegaya / 670 신라:dalgubeol,res://assets/portraits/fictional_20261008/final_sheet_06.png,10.0,user_authorized_fictional_regional_staff_20261008
fictional:silla:012,박무온 (가상),fictional,문관,군수 행정,female,35.0,170.0,64.0,average build,663 신라:daegaya / 660 신라:dalgubeol / 642 신라:dalgubeol / 632 신라:daegaya / 670 신라:danghangseong,res://assets/portraits/fictional_20261008/final_sheet_06.png,11.0,user_authorized_fictional_regional_staff_20261008
fictional:silla:013,박연온 (가상),fictional,무관,수비 지휘,male,42.0,167.0,63.0,lean athletic,663 신라:dalgubeol / 660 신라:dalgubeol / 642 신라:dalgubeol / 632 신라:dalgubeol / 670 신라:danghangseong,res://assets/portraits/fictional_20261008/final_sheet_06.png,12.0,user_authorized_fictional_regional_staff_20261008
fictional:silla:014,박진온 (가상),fictional,문관,행정,female,25.0,168.0,90.0,"overweight, full cheeks and soft rounded belly",663 신라:dalgubeol / 660 신라:dalgubeol / 642 신라:dalgubeol / 632 신라:dalgubeol / 670 신라:danghangseong,res://assets/portraits/fictional_20261008/final_sheet_06.png,13.0,user_authorized_fictional_regional_staff_20261008
fictional:silla:015,박태온 (가상),fictional,무관,야전 지휘,male,32.0,165.0,57.0,compact wiry,663 신라:danghangseong / 660 신라:danghangseong / 642 신라:danghangseong / 632 신라:danghangseong / 670 신라:danghangseong,res://assets/portraits/fictional_20261008/final_sheet_06.png,14.0,user_authorized_fictional_regional_staff_20261008
fictional:silla:016,박선온 (가상),fictional,문관,군수 행정,male,39.0,176.0,60.0,slender,663 신라:danghangseong / 660 신라:danghangseong / 642 신라:danghangseong / 632 신라:danghangseong / 670 신라:ganghwa,res://assets/portraits/fictional_20261008/final_sheet_06.png,15.0,user_authorized_fictional_regional_staff_20261008
fictional:silla:017,박백온 (가상),fictional,무관,수비 지휘,female,22.0,153.0,51.0,average build,663 신라:danghangseong / 660 신라:danghangseong / 642 신라:danghangseong / 632 신라:danghangseong / 670 신라:ganghwa,res://assets/portraits/fictional_20261008/final_sheet_07.png,0.0,user_authorized_fictional_regional_staff_20261008
fictional:silla:018,박현온 (가상),fictional,문관,행정,male,29.0,174.0,68.0,lean athletic,663 신라:danghangseong / 660 신라:danghangseong / 642 신라:danghangseong / 632 신라:danghangseong / 670 신라:ganghwa,res://assets/portraits/fictional_20261008/final_sheet_07.png,1.0,user_authorized_fictional_regional_staff_20261008
fictional:silla:019,박영온 (가상),fictional,무관,야전 지휘,female,36.0,175.0,77.0,"muscular, defined not fat",663 신라:danghangseong / 660 신라:danghangseong / 642 신라:danghangseong / 632 신라:danghangseong / 670 신라:ganghwa,res://assets/portraits/fictional_20261008/final_sheet_07.png,2.0,user_authorized_fictional_regional_staff_20261008
fictional:silla:020,박정온 (가상),fictional,문관,군수 행정,male,43.0,172.0,62.0,compact wiry,663 신라:danghangseong / 660 신라:danghangseong / 642 신라:danghangseong / 632 신라:danghangseong / 670 신라:geumgwan,res://assets/portraits/fictional_20261008/final_sheet_07.png,3.0,user_authorized_fictional_regional_staff_20261008
fictional:silla:021,박도찬 (가상),fictional,무관,수비 지휘,male,26.0,183.0,65.0,slender,663 신라:ganghwa / 660 신라:ganghwa / 642 신라:ganghwa / 632 신라:ganghwa / 670 신라:geumgwan,res://assets/portraits/fictional_20261008/final_sheet_07.png,4.0,user_authorized_fictional_regional_staff_20261008
fictional:silla:022,박무찬 (가상),fictional,문관,행정,female,33.0,160.0,56.0,average build,663 신라:ganghwa / 660 신라:ganghwa / 642 신라:ganghwa / 632 신라:ganghwa / 670 신라:geumseong,res://assets/portraits/fictional_20261008/final_sheet_07.png,5.0,user_authorized_fictional_regional_staff_20261008
fictional:silla:023,박연찬 (가상),fictional,무관,야전 지휘,male,40.0,181.0,105.0,"overweight, full cheeks and soft rounded belly",663 신라:ganghwa / 660 신라:ganghwa / 642 신라:ganghwa / 632 신라:ganghwa / 670 신라:geumseong,res://assets/portraits/fictional_20261008/final_sheet_07.png,6.0,user_authorized_fictional_regional_staff_20261008
fictional:silla:024,박진찬 (가상),fictional,문관,군수 행정,female,23.0,158.0,62.0,"muscular, defined not fat",663 신라:ganghwa / 660 신라:ganghwa / 642 신라:ganghwa / 632 신라:ganghwa / 670 신라:geumseong,res://assets/portraits/fictional_20261008/final_sheet_07.png,7.0,user_authorized_fictional_regional_staff_20261008
fictional:silla:025,박태찬 (가상),fictional,무관,수비 지휘,male,30.0,179.0,67.0,compact wiry,663 신라:geumgwan / 660 신라:geumgwan / 642 신라:geumgwan / 632 신라:geumgwan / 670 신라:gosa,res://assets/portraits/fictional_20261008/final_sheet_07.png,8.0,user_authorized_fictional_regional_staff_20261008
fictional:silla:026,박선찬 (가상),fictional,문관,행정,male,37.0,166.0,54.0,slender,663 신라:geumgwan / 660 신라:geumgwan / 642 신라:geumgwan / 632 신라:geumgwan / 670 신라:gosa,res://assets/portraits/fictional_20261008/final_sheet_07.png,9.0,user_authorized_fictional_regional_staff_20261008
fictional:silla:027,박백찬 (가상),fictional,무관,야전 지휘,female,44.0,167.0,61.0,average build,663 신라:geumseong / 660 신라:geumgwan / 642 신라:geumgwan / 632 신라:geumseong / 670 신라:gosa,res://assets/portraits/fictional_20261008/final_sheet_07.png,10.0,user_authorized_fictional_regional_staff_20261008
fictional:silla:028,박현찬 (가상),fictional,문관,군수 행정,male,27.0,164.0,61.0,lean athletic,663 신라:geumseong / 660 신라:geumgwan / 642 신라:geumgwan / 632 신라:geumseong / 670 신라:gosa,res://assets/portraits/fictional_20261008/final_sheet_07.png,11.0,user_authorized_fictional_regional_staff_20261008
fictional:silla:029,박영찬 (가상),fictional,무관,수비 지휘,female,34.0,165.0,68.0,"muscular, defined not fat",663 신라:geumseong / 660 신라:geumseong / 642 신라:geumseong / 632 신라:geumseong / 670 신라:gukwon,res://assets/portraits/fictional_20261008/final_sheet_07.png,12.0,user_authorized_fictional_regional_staff_20261008
fictional:silla:030,박정찬 (가상),fictional,문관,행정,male,41.0,186.0,73.0,compact wiry,663 신라:gukwon / 660 신라:geumseong / 642 신라:geumseong / 632 신라:gukwon / 670 신라:gukwon,res://assets/portraits/fictional_20261008/final_sheet_07.png,13.0,user_authorized_fictional_regional_staff_20261008
fictional:silla:031,박도율 (가상),fictional,무관,야전 지휘,male,24.0,173.0,58.0,slender,663 신라:gukwon / 660 신라:geumseong / 642 신라:geumseong / 632 신라:gukwon / 670 신라:gukwon,res://assets/portraits/fictional_20261008/final_sheet_07.png,14.0,user_authorized_fictional_regional_staff_20261008
fictional:silla:032,박무율 (가상),fictional,문관,군수 행정,female,31.0,174.0,67.0,average build,663 신라:gukwon / 660 신라:gukwon / 642 신라:gukwon / 632 신라:gukwon / 670 신라:haslla,res://assets/portraits/fictional_20261008/final_sheet_07.png,15.0,user_authorized_fictional_regional_staff_20261008
fictional:silla:033,박연율 (가상),fictional,무관,수비 지휘,male,38.0,171.0,66.0,lean athletic,663 신라:haslla / 660 신라:gukwon / 642 신라:gukwon / 632 신라:haslla / 670 신라:haslla,res://assets/portraits/fictional_20261008/final_sheet_08.png,0.0,user_authorized_fictional_regional_staff_20261008
fictional:silla:034,박진율 (가상),fictional,문관,행정,female,45.0,172.0,95.0,"overweight, full cheeks and soft rounded belly",663 신라:haslla / 660 신라:haslla / 642 신라:haslla / 632 신라:haslla / 670 신라:haslla,res://assets/portraits/fictional_20261008/final_sheet_08.png,1.0,user_authorized_fictional_regional_staff_20261008
fictional:silla:035,박태율 (가상),fictional,무관,야전 지휘,male,28.0,169.0,60.0,compact wiry,663 신라:haslla / 660 신라:haslla / 642 신라:haslla / 632 신라:haslla / 670 신라:haslla,res://assets/portraits/fictional_20261008/final_sheet_08.png,2.0,user_authorized_fictional_regional_staff_20261008
fictional:silla:036,박선율 (가상),fictional,문관,군수 행정,male,35.0,180.0,63.0,slender,663 신라:haslla / 660 신라:haslla / 642 신라:haslla / 632 신라:haslla / 670 신라:imjonseong,res://assets/portraits/fictional_20261008/final_sheet_08.png,3.0,user_authorized_fictional_regional_staff_20261008
fictional:silla:037,박백율 (가상),fictional,무관,수비 지휘,female,42.0,157.0,54.0,average build,663 신라:jukryeong / 660 신라:haslla / 642 신라:haslla / 632 신라:jukryeong / 670 신라:imjonseong,res://assets/portraits/fictional_20261008/final_sheet_08.png,4.0,user_authorized_fictional_regional_staff_20261008
fictional:silla:038,박현율 (가상),fictional,문관,행정,male,25.0,178.0,71.0,lean athletic,663 신라:jukryeong / 660 신라:jukryeong / 642 신라:jukryeong / 632 신라:jukryeong / 670 신라:imjonseong,res://assets/portraits/fictional_20261008/final_sheet_08.png,5.0,user_authorized_fictional_regional_staff_20261008
fictional:silla:039,박영율 (가상),fictional,무관,야전 지휘,female,32.0,155.0,60.0,"muscular, defined not fat",663 신라:sabeol / 660 신라:jukryeong / 642 신라:jukryeong / 632 신라:sabeol / 670 신라:imjonseong,res://assets/portraits/fictional_20261008/final_sheet_08.png,6.0,user_authorized_fictional_regional_staff_20261008
fictional:silla:040,박정율 (가상),fictional,문관,군수 행정,male,39.0,176.0,65.0,compact wiry,663 신라:samnyeonsanseong / 660 신라:samnyeonsanseong / 642 신라:sabeol / 632 신라:samnyeonsanseong / 670 신라:jukryeong,res://assets/portraits/fictional_20261008/final_sheet_08.png,7.0,user_authorized_fictional_regional_staff_20261008
fictional:silla:041,박도건 (가상),fictional,무관,수비 지휘,male,22.0,163.0,52.0,slender,663 신라:samnyeonsanseong / 660 신라:samnyeonsanseong / 642 신라:samnyeonsanseong / 632 신라:samnyeonsanseong / 670 신라:jukryeong,res://assets/portraits/fictional_20261008/final_sheet_08.png,8.0,user_authorized_fictional_regional_staff_20261008
fictional:silla:042,박무건 (가상),fictional,문관,행정,female,29.0,164.0,59.0,average build,663 신라:samnyeonsanseong / 660 신라:samnyeonsanseong / 642 신라:samnyeonsanseong / 632 신라:samnyeonsanseong / 670 신라:juryuseong,res://assets/portraits/fictional_20261008/final_sheet_08.png,9.0,user_authorized_fictional_regional_staff_20261008
fictional:silla:043,박연건 (가상),fictional,무관,야전 지휘,male,36.0,185.0,110.0,"overweight, full cheeks and soft rounded belly",663 신라:samnyeonsanseong / 660 신라:samnyeonsanseong / 642 신라:samnyeonsanseong / 632 신라:samnyeonsanseong / 670 신라:juryuseong,res://assets/portraits/fictional_20261008/final_sheet_08.png,10.0,user_authorized_fictional_regional_staff_20261008
fictional:silla:044,박진건 (가상),fictional,문관,군수 행정,female,43.0,162.0,66.0,"muscular, defined not fat",663 신라:siljik / 660 신라:siljik / 642 신라:samnyeonsanseong / 632 신라:siljik / 670 신라:juryuseong,res://assets/portraits/fictional_20261008/final_sheet_08.png,11.0,user_authorized_fictional_regional_staff_20261008
fictional:silla:045,박태건 (가상),fictional,무관,수비 지휘,male,26.0,183.0,70.0,compact wiry,663 신라:siljik / 660 신라:siljik / 642 신라:siljik / 632 신라:siljik / 670 신라:juryuseong,res://assets/portraits/fictional_20261008/final_sheet_08.png,12.0,user_authorized_fictional_regional_staff_20261008
fictional:silla:046,박선건 (가상),fictional,문관,행정,male,33.0,170.0,56.0,slender,663 신라:sogaya / 660 신라:ulleung / 642 신라:siljik / 632 신라:sogaya / 670 신라:sabeol,res://assets/portraits/fictional_20261008/final_sheet_08.png,13.0,user_authorized_fictional_regional_staff_20261008
fictional:silla:047,박백건 (가상),fictional,무관,야전 지휘,female,40.0,171.0,64.0,average build,663 신라:sogaya / 660 신라:ulleung / 642 신라:ulleung / 632 신라:sogaya / 670 신라:samnyeonsanseong,res://assets/portraits/fictional_20261008/final_sheet_08.png,14.0,user_authorized_fictional_regional_staff_20261008
fictional:silla:048,박현건 (가상),fictional,문관,군수 행정,male,23.0,168.0,64.0,lean athletic,663 신라:sogaya / 642 신라:ulleung / 632 신라:sogaya / 670 신라:samnyeonsanseong,res://assets/portraits/fictional_20261008/final_sheet_08.png,15.0,user_authorized_fictional_regional_staff_20261008
fictional:silla:049,박영건 (가상),fictional,무관,수비 지휘,female,30.0,169.0,71.0,"muscular, defined not fat",663 신라:sogaya / 632 신라:sogaya / 670 신라:siljik,res://assets/portraits/fictional_20261008/final_sheet_09.png,0.0,user_authorized_fictional_regional_staff_20261008
fictional:silla:050,박정건 (가상),fictional,문관,행정,male,37.0,166.0,58.0,compact wiry,663 신라:sogaya / 632 신라:sogaya / 670 신라:siljik,res://assets/portraits/fictional_20261008/final_sheet_09.png,1.0,user_authorized_fictional_regional_staff_20261008
fictional:silla:051,박도진 (가상),fictional,무관,야전 지휘,male,44.0,177.0,61.0,slender,663 신라:sogaya / 632 신라:sogaya / 670 신라:sogaya,res://assets/portraits/fictional_20261008/final_sheet_09.png,2.0,user_authorized_fictional_regional_staff_20261008
fictional:silla:052,박무진 (가상),fictional,문관,군수 행정,female,27.0,154.0,52.0,average build,663 신라:ulleung / 632 신라:ulleung / 670 신라:sogaya,res://assets/portraits/fictional_20261008/final_sheet_09.png,3.0,user_authorized_fictional_regional_staff_20261008
fictional:silla:053,박연진 (가상),fictional,무관,수비 지휘,male,34.0,175.0,69.0,lean athletic,663 신라:ulleung / 632 신라:ulleung / 670 신라:sogaya,res://assets/portraits/fictional_20261008/final_sheet_09.png,4.0,user_authorized_fictional_regional_staff_20261008
fictional:silla:054,박진진 (가상),fictional,문관,행정,female,56.0,176.0,99.0,"overweight, full cheeks and soft rounded belly",670 신라:sogaya,res://assets/portraits/fictional_20261008/final_sheet_09.png,5.0,user_authorized_fictional_regional_staff_20261008
fictional:silla:055,박태진 (가상),fictional,무관,야전 지휘,male,24.0,173.0,63.0,compact wiry,670 신라:ulleung,res://assets/portraits/fictional_20261008/final_sheet_09.png,6.0,user_authorized_fictional_regional_staff_20261008
fictional:silla:056,박선진 (가상),fictional,문관,군수 행정,male,31.0,184.0,66.0,slender,670 신라:ulleung,res://assets/portraits/fictional_20261008/final_sheet_09.png,7.0,user_authorized_fictional_regional_staff_20261008
fictional:silla:057,박백진 (가상),fictional,무관,수비 지휘,female,38.0,161.0,57.0,average build,670 신라:yeongsangang,res://assets/portraits/fictional_20261008/final_sheet_09.png,8.0,user_authorized_fictional_regional_staff_20261008
fictional:silla:058,박현진 (가상),fictional,문관,행정,male,45.0,182.0,75.0,lean athletic,670 신라:yeongsangang,res://assets/portraits/fictional_20261008/final_sheet_09.png,9.0,user_authorized_fictional_regional_staff_20261008
fictional:silla:059,박영진 (가상),fictional,무관,야전 지휘,female,52.0,159.0,63.0,"muscular, defined not fat",670 신라:yeongsangang,res://assets/portraits/fictional_20261008/final_sheet_09.png,10.0,user_authorized_fictional_regional_staff_20261008
fictional:silla:060,박정진 (가상),fictional,문관,군수 행정,male,59.0,180.0,68.0,compact wiry,670 신라:yeongsangang,res://assets/portraits/fictional_20261008/final_sheet_09.png,11.0,user_authorized_fictional_regional_staff_20261008
fictional:tamna:001,고도겸 (가상),fictional,무관,수비 지휘,male,42.0,167.0,54.0,slender,663 탐라:tamna / 660 탐라:tamna / 642 탐라:tamna / 632 탐라:tamna / 670 탐라:tamna,res://assets/portraits/fictional_20261008/final_sheet_09.png,12.0,user_authorized_fictional_regional_staff_20261008
fictional:tamna:002,고무겸 (가상),fictional,문관,행정,female,25.0,168.0,62.0,average build,663 탐라:tamna / 660 탐라:tamna / 642 탐라:tamna / 632 탐라:tamna / 670 탐라:tamna,res://assets/portraits/fictional_20261008/final_sheet_09.png,13.0,user_authorized_fictional_regional_staff_20261008
fictional:tamna:003,고연겸 (가상),fictional,무관,야전 지휘,male,32.0,165.0,87.0,"overweight, full cheeks and soft rounded belly",663 탐라:tamna / 660 탐라:tamna / 642 탐라:tamna / 632 탐라:tamna / 670 탐라:tamna,res://assets/portraits/fictional_20261008/final_sheet_09.png,14.0,user_authorized_fictional_regional_staff_20261008
fictional:tamna:004,고진겸 (가상),fictional,문관,군수 행정,female,39.0,166.0,69.0,"muscular, defined not fat",663 탐라:tamna / 660 탐라:tamna / 642 탐라:tamna / 632 탐라:tamna / 670 탐라:tamna,res://assets/portraits/fictional_20261008/final_sheet_09.png,15.0,user_authorized_fictional_regional_staff_20261008
fictional:tamna:005,고태겸 (가상),fictional,무관,수비 지휘,male,22.0,163.0,56.0,compact wiry,663 탐라:tamna / 660 탐라:tamna / 642 탐라:tamna / 632 탐라:tamna / 670 탐라:tamna,res://assets/portraits/fictional_20261008/final_sheet_10.png,0.0,user_authorized_fictional_regional_staff_20261008
fictional:tamna:006,고선겸 (가상),fictional,문관,행정,male,29.0,174.0,59.0,slender,663 탐라:tamna / 660 탐라:tamna / 642 탐라:tamna / 632 탐라:tamna / 670 탐라:tamna,res://assets/portraits/fictional_20261008/final_sheet_10.png,1.0,user_authorized_fictional_regional_staff_20261008
fictional:tang:001,장도겸 (가상),fictional,무관,야전 지휘,female,30.0,175.0,67.0,average build,663 당:sabi / 670 당:ansi,res://assets/portraits/fictional_20261008/final_sheet_10.png,2.0,user_authorized_fictional_regional_staff_20261008
fictional:tang:002,장무겸 (가상),fictional,문관,군수 행정,male,37.0,172.0,67.0,lean athletic,663 당:sabi / 670 당:ansi,res://assets/portraits/fictional_20261008/final_sheet_10.png,3.0,user_authorized_fictional_regional_staff_20261008
fictional:tang:003,장연겸 (가상),fictional,무관,수비 지휘,female,44.0,173.0,75.0,"muscular, defined not fat",663 당:sabi / 670 당:bireyeolhol,res://assets/portraits/fictional_20261008/final_sheet_10.png,4.0,user_authorized_fictional_regional_staff_20261008
fictional:tang:004,장진겸 (가상),fictional,문관,행정,male,51.0,170.0,61.0,compact wiry,663 당:sabi / 670 당:bireyeolhol,res://assets/portraits/fictional_20261008/final_sheet_10.png,5.0,user_authorized_fictional_regional_staff_20261008
fictional:tang:005,장태겸 (가상),fictional,무관,야전 지휘,male,58.0,181.0,64.0,slender,663 당:ungjin / 670 당:chaekseong,res://assets/portraits/fictional_20261008/final_sheet_10.png,6.0,user_authorized_fictional_regional_staff_20261008
fictional:tang:006,장선겸 (가상),fictional,문관,군수 행정,female,26.0,158.0,55.0,average build,663 당:ungjin / 670 당:chaekseong,res://assets/portraits/fictional_20261008/final_sheet_10.png,7.0,user_authorized_fictional_regional_staff_20261008
fictional:tang:007,장백겸 (가상),fictional,무관,수비 지휘,male,33.0,179.0,72.0,lean athletic,663 당:ungjin / 670 당:daedonggang,res://assets/portraits/fictional_20261008/final_sheet_10.png,8.0,user_authorized_fictional_regional_staff_20261008
fictional:tang:008,장현겸 (가상),fictional,문관,행정,female,40.0,156.0,78.0,"overweight, full cheeks and soft rounded belly",663 당:ungjin / 670 당:daedonggang,res://assets/portraits/fictional_20261008/final_sheet_10.png,9.0,user_authorized_fictional_regional_staff_20261008
fictional:tang:009,장영겸 (가상),fictional,무관,야전 지휘,male,47.0,177.0,66.0,compact wiry,663 당:ungjin / 670 당:daedonggang,res://assets/portraits/fictional_20261008/final_sheet_10.png,10.0,user_authorized_fictional_regional_staff_20261008
fictional:tang:010,장정겸 (가상),fictional,문관,군수 행정,male,54.0,164.0,52.0,slender,663 당:ungjin / 670 당:daedonggang,res://assets/portraits/fictional_20261008/final_sheet_10.png,11.0,user_authorized_fictional_regional_staff_20261008
fictional:tang:011,장도온 (가상),fictional,무관,수비 지휘,female,22.0,165.0,60.0,average build,663 당:yeongsangang / 670 당:daedonggang,res://assets/portraits/fictional_20261008/final_sheet_10.png,12.0,user_authorized_fictional_regional_staff_20261008
fictional:tang:012,장무온 (가상),fictional,문관,행정,male,29.0,186.0,78.0,lean athletic,663 당:yeongsangang / 670 당:daedonggang,res://assets/portraits/fictional_20261008/final_sheet_10.png,13.0,user_authorized_fictional_regional_staff_20261008
fictional:tang:013,장연온 (가상),fictional,무관,야전 지휘,female,36.0,163.0,66.0,"muscular, defined not fat",663 당:yeongsangang / 670 당:geonanseong,res://assets/portraits/fictional_20261008/final_sheet_10.png,14.0,user_authorized_fictional_regional_staff_20261008
fictional:tang:014,장진온 (가상),fictional,문관,군수 행정,male,43.0,184.0,71.0,compact wiry,663 당:yeongsangang / 670 당:geonanseong,res://assets/portraits/fictional_20261008/final_sheet_10.png,15.0,user_authorized_fictional_regional_staff_20261008
fictional:tang:015,장태온 (가상),fictional,무관,수비 지휘,male,50.0,171.0,57.0,slender,663 당:yeongsangang / 670 당:goksan,res://assets/portraits/fictional_20261008/final_sheet_11.png,0.0,user_authorized_fictional_regional_staff_20261008
fictional:tang:016,장선온 (가상),fictional,문관,행정,female,57.0,172.0,65.0,average build,663 당:yeongsangang / 670 당:goksan,res://assets/portraits/fictional_20261008/final_sheet_11.png,1.0,user_authorized_fictional_regional_staff_20261008
fictional:tang:017,장백온 (가상),fictional,무관,야전 지휘,male,25.0,169.0,91.0,"overweight, full cheeks and soft rounded belly",663 당:yeongsangang / 670 당:goksan,res://assets/portraits/fictional_20261008/final_sheet_11.png,2.0,user_authorized_fictional_regional_staff_20261008
fictional:tang:018,장현온 (가상),fictional,문관,군수 행정,female,32.0,170.0,72.0,"muscular, defined not fat",663 당:yeongsangang / 670 당:goksan,res://assets/portraits/fictional_20261008/final_sheet_11.png,3.0,user_authorized_fictional_regional_staff_20261008
fictional:tang:019,장영온 (가상),fictional,무관,수비 지휘,male,39.0,167.0,59.0,compact wiry,670 당:goksan,res://assets/portraits/fictional_20261008/final_sheet_11.png,4.0,user_authorized_fictional_regional_staff_20261008
fictional:tang:020,장정온 (가상),fictional,문관,행정,male,46.0,178.0,62.0,slender,670 당:gungnae,res://assets/portraits/fictional_20261008/final_sheet_11.png,5.0,user_authorized_fictional_regional_staff_20261008
fictional:tang:021,장도찬 (가상),fictional,무관,야전 지휘,female,53.0,155.0,53.0,average build,670 당:gungnae,res://assets/portraits/fictional_20261008/final_sheet_11.png,6.0,user_authorized_fictional_regional_staff_20261008
fictional:tang:022,장무찬 (가상),fictional,문관,군수 행정,male,60.0,176.0,70.0,lean athletic,670 당:pyongyang,res://assets/portraits/fictional_20261008/final_sheet_11.png,7.0,user_authorized_fictional_regional_staff_20261008
fictional:tang:023,장연찬 (가상),fictional,무관,수비 지휘,female,28.0,153.0,59.0,"muscular, defined not fat",670 당:pyongyang,res://assets/portraits/fictional_20261008/final_sheet_11.png,8.0,user_authorized_fictional_regional_staff_20261008
fictional:tang:024,장진찬 (가상),fictional,문관,행정,male,35.0,174.0,64.0,compact wiry,670 당:pyongyang,res://assets/portraits/fictional_20261008/final_sheet_11.png,9.0,user_authorized_fictional_regional_staff_20261008
fictional:tang:025,장태찬 (가상),fictional,무관,야전 지휘,male,42.0,185.0,67.0,slender,670 당:pyongyang,res://assets/portraits/fictional_20261008/final_sheet_11.png,10.0,user_authorized_fictional_regional_staff_20261008
fictional:tang:026,장선찬 (가상),fictional,문관,군수 행정,female,49.0,162.0,58.0,average build,670 당:pyongyang,res://assets/portraits/fictional_20261008/final_sheet_11.png,11.0,user_authorized_fictional_regional_staff_20261008
fictional:tang:027,장백찬 (가상),fictional,무관,수비 지휘,male,56.0,183.0,75.0,lean athletic,670 당:sabi,res://assets/portraits/fictional_20261008/final_sheet_11.png,12.0,user_authorized_fictional_regional_staff_20261008
fictional:tang:028,장현찬 (가상),fictional,문관,행정,female,24.0,160.0,82.0,"overweight, full cheeks and soft rounded belly",670 당:sabi,res://assets/portraits/fictional_20261008/final_sheet_11.png,13.0,user_authorized_fictional_regional_staff_20261008
fictional:tang:029,장영찬 (가상),fictional,무관,야전 지휘,male,31.0,181.0,69.0,compact wiry,670 당:sabi,res://assets/portraits/fictional_20261008/final_sheet_11.png,14.0,user_authorized_fictional_regional_staff_20261008
fictional:tang:030,장정찬 (가상),fictional,문관,군수 행정,male,38.0,168.0,55.0,slender,670 당:sabi,res://assets/portraits/fictional_20261008/final_sheet_11.png,15.0,user_authorized_fictional_regional_staff_20261008
fictional:tang:031,장도율 (가상),fictional,무관,수비 지휘,female,45.0,169.0,63.0,average build,670 당:sabi,res://assets/portraits/fictional_20261008/final_sheet_12.png,0.0,user_authorized_fictional_regional_staff_20261008
fictional:tang:032,장무율 (가상),fictional,문관,행정,male,52.0,166.0,62.0,lean athletic,670 당:sabi,res://assets/portraits/fictional_20261008/final_sheet_12.png,1.0,user_authorized_fictional_regional_staff_20261008
fictional:tang:033,장연율 (가상),fictional,무관,야전 지휘,female,59.0,167.0,70.0,"muscular, defined not fat",670 당:shinseong,res://assets/portraits/fictional_20261008/final_sheet_12.png,2.0,user_authorized_fictional_regional_staff_20261008
fictional:tang:034,장진율 (가상),fictional,문관,군수 행정,male,27.0,164.0,56.0,compact wiry,670 당:shinseong,res://assets/portraits/fictional_20261008/final_sheet_12.png,3.0,user_authorized_fictional_regional_staff_20261008
fictional:tang:035,장태율 (가상),fictional,무관,수비 지휘,male,34.0,175.0,60.0,slender,670 당:sokgunseong,res://assets/portraits/fictional_20261008/final_sheet_12.png,4.0,user_authorized_fictional_regional_staff_20261008
fictional:tang:036,장선율 (가상),fictional,문관,행정,female,41.0,176.0,68.0,average build,670 당:sokgunseong,res://assets/portraits/fictional_20261008/final_sheet_12.png,5.0,user_authorized_fictional_regional_staff_20261008
fictional:tang:037,장백율 (가상),fictional,무관,야전 지휘,male,48.0,173.0,96.0,"overweight, full cheeks and soft rounded belly",670 당:ungjin,res://assets/portraits/fictional_20261008/final_sheet_12.png,6.0,user_authorized_fictional_regional_staff_20261008
fictional:tang:038,장현율 (가상),fictional,문관,군수 행정,female,55.0,174.0,76.0,"muscular, defined not fat",670 당:ungjin,res://assets/portraits/fictional_20261008/final_sheet_12.png,7.0,user_authorized_fictional_regional_staff_20261008
fictional:tang:039,장영율 (가상),fictional,무관,수비 지휘,male,23.0,171.0,61.0,compact wiry,670 당:ungjin,res://assets/portraits/fictional_20261008/final_sheet_12.png,8.0,user_authorized_fictional_regional_staff_20261008
fictional:tang:040,장정율 (가상),fictional,문관,행정,male,30.0,182.0,65.0,slender,670 당:ungjin,res://assets/portraits/fictional_20261008/final_sheet_12.png,9.0,user_authorized_fictional_regional_staff_20261008
fictional:tang:041,장도건 (가상),fictional,무관,야전 지휘,female,37.0,159.0,56.0,average build,670 당:ungjin,res://assets/portraits/fictional_20261008/final_sheet_12.png,10.0,user_authorized_fictional_regional_staff_20261008
fictional:tang:042,장무건 (가상),fictional,문관,군수 행정,male,44.0,180.0,73.0,lean athletic,670 당:ungjin,res://assets/portraits/fictional_20261008/final_sheet_12.png,11.0,user_authorized_fictional_regional_staff_20261008
fictional:tongluo:001,아토르칸 (가상),fictional,무관,수비 지휘,female,42.0,157.0,62.0,"muscular, defined not fat",663 동라:steppe_tongluo / 660 동라:steppe_tongluo / 642 동라:steppe_tongluo / 632 동라:steppe_tongluo / 670 동라:steppe_tongluo,res://assets/portraits/fictional_20261008/final_sheet_12.png,12.0,user_authorized_fictional_regional_staff_20261008
fictional:tongluo:002,아토르투 (가상),fictional,문관,행정,male,25.0,178.0,67.0,compact wiry,642 동라:steppe_tongluo / 632 동라:steppe_tongluo,res://assets/portraits/fictional_20261008/final_sheet_12.png,13.0,user_authorized_fictional_regional_staff_20261008
historical:001,선덕여왕,historical,,,unknown,,,,,642 신라:geumseong / 632 신라:geumseong,기존 이름별 초상 연결,,https://encykorea.aks.ac.kr/Article/E0028652
historical:002,알천,historical,,,unknown,,,,,642 신라:gukwon / 632 신라:sabeol,기존 이름별 초상 연결,,
historical:003,김춘추,historical,,,unknown,,,,,660 신라:geumseong / 642 신라:geumseong / 632 신라:geumseong,기존 이름별 초상 연결,,https://encykorea.aks.ac.kr/Article/E0059042
historical:004,김유신,historical,,,unknown,,,,,663 신라:geumseong / 660 신라:geumseong / 642 신라:geumseong / 632 신라:geumseong / 670 신라:geumseong,기존 이름별 초상 연결,,
historical:005,김법민,historical,,,unknown,,,,,663 신라:geumseong / 660 신라:gukwon / 670 신라:geumseong,기존 이름별 초상 연결,,https://encykorea.aks.ac.kr/Article/E0019473
historical:006,김흠순,historical,,,unknown,,,,,663 신라:gukwon / 660 신라:gukwon / 642 신라:gukwon / 632 신라:gukwon / 670 신라:gukwon,기존 이름별 초상 연결,,
historical:007,김인문,historical,,,unknown,,,,,663 신라:geumseong / 660 신라:geumseong / 670 신라:geumseong,기존 이름별 초상 연결,,
historical:008,품일,historical,,,unknown,,,,,663 신라:sabeol / 660 신라:sabeol / 642 신라:sabeol / 670 신라:sabeol,기존 이름별 초상 연결,,
historical:009,관창,historical,,,unknown,,,,,660 신라:sabeol,기존 이름별 초상 연결,,
historical:010,설오유,historical,,,unknown,,,,,670 신라:bukhansan,기존 이름별 초상 연결,,
historical:011,김원술,historical,,,unknown,,,,,,기존 이름별 초상 연결,,
historical:012,무왕,historical,,,unknown,,,,,632 백제:sabi,기존 이름별 초상 연결,,
historical:013,의자왕,historical,,,unknown,,,,,660 백제:sabi / 642 백제:sabi / 632 백제:sabi,기존 이름별 초상 연결,,
historical:014,윤충,historical,,,unknown,,,,,660 백제:ungjin / 642 백제:ungjin,기존 이름별 초상 연결,,
historical:015,성충,historical,,,unknown,,,,,642 백제:sabi / 632 백제:sabi,기존 이름별 초상 연결,,
historical:016,흥수,historical,,,unknown,,,,,660 백제:sabi / 642 백제:sabi / 632 백제:sabi,기존 이름별 초상 연결,,
historical:017,계백,historical,,,unknown,,,,,660 백제:gosa / 642 백제:gosa / 632 백제:gosa,기존 이름별 초상 연결,,
historical:018,부여태,historical,,,unknown,,,,,660 백제:gosa / 642 백제:gosa,기존 이름별 초상 연결,,
historical:019,부여풍,historical,,,unknown,,,,,663 백제부흥군:gosa / 660 백제:현재 명령 지도 밖/미배치,기존 이름별 초상 연결,,
historical:020,복신,historical,,,unknown,,,,,663 백제부흥군:gosa / 660 백제:sabi / 642 백제:sabi,기존 이름별 초상 연결,,
historical:021,흑치상지,historical,,,unknown,,,,,663 백제부흥군:imjonseong / 660 백제:imjonseong / 670 당:현재 명령 지도 밖/미배치,기존 이름별 초상 연결,,
historical:022,지수신,historical,,,unknown,,,,,663 백제부흥군:imjonseong / 660 백제:imjonseong,기존 이름별 초상 연결,,
historical:023,영류왕,historical,,,unknown,,,,,632 고구려:pyongyang,기존 이름별 초상 연결,,
historical:024,보장왕,historical,,,unknown,,,,,663 고구려:pyongyang / 660 고구려:pyongyang / 642 고구려:pyongyang,기존 이름별 초상 연결,,
historical:025,연개소문,historical,,,unknown,,,,,663 고구려:pyongyang / 660 고구려:pyongyang / 642 고구려:pyongyang / 632 고구려:pyongyang,기존 이름별 초상 연결,,
historical:026,양만춘,historical,,,unknown,,,,,663 고구려:ansi / 660 고구려:ansi / 642 고구려:ansi / 632 고구려:ansi,기존 이름별 초상 연결,,
historical:027,고연무,historical,,,unknown,,,,,663 고구려:gungnae / 660 고구려:gungnae / 670 고구려부흥군:geummajeo,기존 이름별 초상 연결,,
historical:028,연남생,historical,,,unknown,,,,,663 고구려:pyongyang / 660 고구려:pyongyang / 670 당:현재 명령 지도 밖/미배치,기존 이름별 초상 연결,,
historical:029,안승,historical,,,unknown,,,,,670 고구려부흥군:geummajeo,기존 이름별 초상 연결,,
historical:030,검모잠,historical,,,unknown,,,,,670 고구려부흥군:hwanghae,기존 이름별 초상 연결,,
historical:031,당 고종,historical,,,unknown,,,,,663 당:현재 명령 지도 밖/미배치 / 660 당:현재 명령 지도 밖/미배치 / 670 당:현재 명령 지도 밖/미배치,기존 이름별 초상 연결,,
historical:032,고간,historical,,,unknown,,,,,663 당:현재 명령 지도 밖/미배치 / 660 당:현재 명령 지도 밖/미배치 / 670 당:pyongyang,기존 이름별 초상 연결,,
historical:033,이근행,historical,,,unknown,,,,,663 당:현재 명령 지도 밖/미배치 / 660 당:현재 명령 지도 밖/미배치 / 670 당:goksan,기존 이름별 초상 연결,,
historical:034,설인귀,historical,,,unknown,,,,,663 당:현재 명령 지도 밖/미배치 / 660 당:현재 명령 지도 밖/미배치 / 642 당:현재 명령 지도 밖/미배치 / 670 당:현재 명령 지도 밖/미배치,기존 이름별 초상 연결,,
historical:035,유인원,historical,,,unknown,,,,,663 당:sabi / 660 당:현재 명령 지도 밖/미배치,기존 이름별 초상 연결,,
historical:036,유인궤,historical,,,unknown,,,,,663 당:sabi / 660 당:현재 명령 지도 밖/미배치 / 642 당:현재 명령 지도 밖/미배치 / 632 당:현재 명령 지도 밖/미배치 / 670 당:현재 명령 지도 밖/미배치,기존 이름별 초상 연결,,
historical:037,예군,historical,,,unknown,,,,,663 당:현재 명령 지도 밖/미배치 / 660 백제:sabi / 670 당:현재 명령 지도 밖/미배치,기존 이름별 초상 연결,,
historical:038,당 태종,historical,,,unknown,,,,,642 당:현재 명령 지도 밖/미배치 / 632 당:현재 명령 지도 밖/미배치,기존 이름별 초상 연결,,
historical:039,이세적,historical,,,unknown,,,,,663 당:현재 명령 지도 밖/미배치 / 660 당:현재 명령 지도 밖/미배치 / 642 당:현재 명령 지도 밖/미배치 / 632 당:현재 명령 지도 밖/미배치,기존 이름별 초상 연결,,
historical:040,소정방,historical,,,unknown,,,,,663 당:현재 명령 지도 밖/미배치 / 660 당:현재 명령 지도 밖/미배치 / 642 당:현재 명령 지도 밖/미배치 / 632 당:현재 명령 지도 밖/미배치,기존 이름별 초상 연결,,
historical:041,조메이 천황,historical,,,unknown,,,,,632 왜(야마토):현재 명령 지도 밖/미배치,기존 이름별 초상 연결,,
historical:042,고교쿠 천황,historical,,,unknown,,,,,660 왜(야마토 조정):현재 명령 지도 밖/미배치 / 642 왜(야마토):현재 명령 지도 밖/미배치 / 632 왜(야마토):현재 명령 지도 밖/미배치,기존 이름별 초상 연결,,https://manyo-hyakka.pref.nara.jp/db/dicDetail?cls=d_utabito&dataId=316
historical:043,나카노오에 황자,historical,,,unknown,,,,,663 왜(야마토 조정):현재 명령 지도 밖/미배치 / 660 왜(야마토 조정):현재 명령 지도 밖/미배치 / 642 왜(야마토):현재 명령 지도 밖/미배치 / 670 왜(야마토 조정):현재 명령 지도 밖/미배치,기존 이름별 초상 연결,,https://manyo-hyakka.pref.nara.jp/db/dicDetail?cls=d_utabito&dataId=488
historical:044,소가노 에미시,historical,,,unknown,,,,,642 왜(야마토):현재 명령 지도 밖/미배치 / 632 왜(야마토):현재 명령 지도 밖/미배치,기존 이름별 초상 연결,,
historical:045,소가노 이루카,historical,,,unknown,,,,,642 왜(야마토):현재 명령 지도 밖/미배치 / 632 왜(야마토):현재 명령 지도 밖/미배치,기존 이름별 초상 연결,,
historical:046,아베노 히라후,historical,,,unknown,,,,,663 고시 아베 수군:현재 명령 지도 밖/미배치 / 660 고시 아베 수군:현재 명령 지도 밖/미배치,기존 이름별 초상 연결,,
historical:047,오토모노 후케이,historical,,,unknown,,,,,663 왜(야마토 조정):현재 명령 지도 밖/미배치 / 660 왜(야마토 조정):현재 명령 지도 밖/미배치 / 670 왜(야마토 조정):현재 명령 지도 밖/미배치,기존 이름별 초상 연결,,
historical:048,이남,historical,,,unknown,,,,,642 설연타:현재 명령 지도 밖/미배치 / 632 설연타:현재 명령 지도 밖/미배치,기존 이름별 초상 연결,,
historical:049,발작,historical,,,unknown,,,,,642 설연타:현재 명령 지도 밖/미배치,기존 이름별 초상 연결,,
historical:050,포룬 일테베르,historical,,,unknown,,,,,660 회흘(위구르):steppe_huihe / 642 설연타:현재 명령 지도 밖/미배치 / 632 설연타:현재 명령 지도 밖/미배치,기존 이름별 초상 연결,,
historical:051,비속독 일테베르,historical,,,unknown,,,,,663 회흘(위구르):steppe_huihe / 670 회흘(위구르):steppe_huihe,기존 이름별 초상 연결,,
historical:052,독해지 일테베르,historical,,,unknown,,,,,,기존 이름별 초상 연결,,
historical:053,사결 수장,placeholder,,,unknown,,,,,,기존 이름별 초상 연결,,
historical:054,다람갈 수장,placeholder,,,unknown,,,,,,기존 이름별 초상 연결,,
historical:055,복골 수장,placeholder,,,unknown,,,,,,기존 이름별 초상 연결,,
historical:056,발야고 수장,placeholder,,,unknown,,,,,,기존 이름별 초상 연결,,
historical:057,아질 수장,placeholder,,,unknown,,,,,,기존 이름별 초상 연결,,
historical:058,계필 수장,placeholder,,,unknown,,,,,,기존 이름별 초상 연결,,
historical:059,동라 수장,placeholder,,,unknown,,,,,,기존 이름별 초상 연결,,
historical:060,혼 수장,placeholder,,,unknown,,,,,,기존 이름별 초상 연결,,
historical:061,나카토미노 가마타리,historical,,,unknown,,,,,663 왜(야마토 조정):현재 명령 지도 밖/미배치 / 660 왜(야마토 조정):현재 명령 지도 밖/미배치 / 642 왜(야마토):현재 명령 지도 밖/미배치,기존 이름별 초상 연결,,
historical:062,아즈미노 히라후,historical,,,unknown,,,,,663 쓰쿠시 해상세력:현재 명령 지도 밖/미배치 / 660 쓰쿠시 해상세력:현재 명령 지도 밖/미배치,기존 이름별 초상 연결,,
historical:063,에치노 다쿠쓰,historical,,,unknown,,,,,663 왜(야마토 조정):현재 명령 지도 밖/미배치 / 660 왜(야마토 조정):현재 명령 지도 밖/미배치 / 670 왜(야마토 조정):현재 명령 지도 밖/미배치,기존 이름별 초상 연결,,
historical:064,온가,historical,,,unknown,,,,,663 에미시 연맹:현재 명령 지도 밖/미배치 / 660 에미시 연맹:현재 명령 지도 밖/미배치 / 670 에미시 연맹:현재 명령 지도 밖/미배치,기존 이름별 초상 연결,,
historical:065,에미시 수장 미상,placeholder,,,unknown,,,,,,기존 이름별 초상 연결,,
historical:066,고시 수장 미상,placeholder,,,unknown,,,,,,기존 이름별 초상 연결,,
historical:067,쓰쿠시 수장 미상,placeholder,,,unknown,,,,,,기존 이름별 초상 연결,,
historical:068,기비 수장 미상,placeholder,,,unknown,,,,,,기존 이름별 초상 연결,,
historical:069,하야토 수장 미상,placeholder,,,unknown,,,,,,기존 이름별 초상 연결,,
placeholder:baekgang_663:pugu,복골 수장,placeholder,,,unknown,,,,,663 복골:steppe_pugu,기존 이름별 초상 연결,,
placeholder:baekgang_663:tongluo,동라 수장,placeholder,,,unknown,,,,,663 동라:steppe_tongluo,기존 이름별 초상 연결,,
placeholder:baekgang_663:bayegu,발야고 수장,placeholder,,,unknown,,,,,663 발야고:steppe_bayegu,기존 이름별 초상 연결,,
placeholder:baekgang_663:sijie,사결 수장,placeholder,,,unknown,,,,,663 사결:steppe_sijie,기존 이름별 초상 연결,,
placeholder:baekgang_663:qibi,계필 수장,placeholder,,,unknown,,,,,663 계필:steppe_qibi,기존 이름별 초상 연결,,
placeholder:baekgang_663:hun,혼 수장,placeholder,,,unknown,,,,,663 혼:steppe_hun,기존 이름별 초상 연결,,
placeholder:baekgang_663:duolange,다람갈 수장,placeholder,,,unknown,,,,,663 다람갈:steppe_duolange,기존 이름별 초상 연결,,
placeholder:baekgang_663:adie,아질 수장,placeholder,,,unknown,,,,,663 아질:steppe_adie,기존 이름별 초상 연결,,
placeholder:baekgang_663:tsukushi,쓰쿠시 수장 미상,placeholder,,,unknown,,,,,663 쓰쿠시 해상세력:현재 명령 지도 밖/미배치,기존 이름별 초상 연결,,
placeholder:baekgang_663:kibi,기비 수장 미상,placeholder,,,unknown,,,,,663 기비 호족연합:현재 명령 지도 밖/미배치,기존 이름별 초상 연결,,
placeholder:baekgang_663:hayato,하야토 수장 미상,placeholder,,,unknown,,,,,663 하야토 부족연맹:현재 명령 지도 밖/미배치,기존 이름별 초상 연결,,
placeholder:baekje_fall_660:pugu,복골 수장,placeholder,,,unknown,,,,,660 복골:steppe_pugu,기존 이름별 초상 연결,,
placeholder:baekje_fall_660:tongluo,동라 수장,placeholder,,,unknown,,,,,660 동라:steppe_tongluo,기존 이름별 초상 연결,,
placeholder:baekje_fall_660:bayegu,발야고 수장,placeholder,,,unknown,,,,,660 발야고:steppe_bayegu,기존 이름별 초상 연결,,
placeholder:baekje_fall_660:sijie,사결 수장,placeholder,,,unknown,,,,,660 사결:steppe_sijie,기존 이름별 초상 연결,,
placeholder:baekje_fall_660:qibi,계필 수장,placeholder,,,unknown,,,,,660 계필:steppe_qibi,기존 이름별 초상 연결,,
placeholder:baekje_fall_660:hun,혼 수장,placeholder,,,unknown,,,,,660 혼:steppe_hun,기존 이름별 초상 연결,,
placeholder:baekje_fall_660:duolange,다람갈 수장,placeholder,,,unknown,,,,,660 다람갈:steppe_duolange,기존 이름별 초상 연결,,
placeholder:baekje_fall_660:adie,아질 수장,placeholder,,,unknown,,,,,660 아질:steppe_adie,기존 이름별 초상 연결,,
placeholder:baekje_fall_660:tsukushi,쓰쿠시 수장 미상,placeholder,,,unknown,,,,,660 쓰쿠시 해상세력:현재 명령 지도 밖/미배치,기존 이름별 초상 연결,,
placeholder:baekje_fall_660:kibi,기비 수장 미상,placeholder,,,unknown,,,,,660 기비 호족연합:현재 명령 지도 밖/미배치,기존 이름별 초상 연결,,
placeholder:baekje_fall_660:hayato,하야토 수장 미상,placeholder,,,unknown,,,,,660 하야토 부족연맹:현재 명령 지도 밖/미배치,기존 이름별 초상 연결,,
placeholder:goguryeo_coup_642:tsukushi,쓰쿠시 수장 미상,placeholder,,,unknown,,,,,642 쓰쿠시 해상세력:현재 명령 지도 밖/미배치,기존 이름별 초상 연결,,
placeholder:goguryeo_coup_642:kibi,기비 수장 미상,placeholder,,,unknown,,,,,642 기비 호족연합:현재 명령 지도 밖/미배치,기존 이름별 초상 연결,,
placeholder:goguryeo_coup_642:koshi_abe,고시 수장 미상,placeholder,,,unknown,,,,,642 고시 호족권:현재 명령 지도 밖/미배치,기존 이름별 초상 연결,,
placeholder:goguryeo_coup_642:emishi,에미시 수장 미상,placeholder,,,unknown,,,,,642 에미시 연맹:현재 명령 지도 밖/미배치,기존 이름별 초상 연결,,
placeholder:goguryeo_coup_642:hayato,하야토 수장 미상,placeholder,,,unknown,,,,,642 하야토 부족연맹:현재 명령 지도 밖/미배치,기존 이름별 초상 연결,,
placeholder:silla_equilibrium_632:tsukushi,쓰쿠시 수장 미상,placeholder,,,unknown,,,,,632 쓰쿠시 해상세력:현재 명령 지도 밖/미배치,기존 이름별 초상 연결,,
placeholder:silla_equilibrium_632:kibi,기비 수장 미상,placeholder,,,unknown,,,,,632 기비 호족연합:현재 명령 지도 밖/미배치,기존 이름별 초상 연결,,
placeholder:silla_equilibrium_632:koshi_abe,고시 수장 미상,placeholder,,,unknown,,,,,632 고시 호족권:현재 명령 지도 밖/미배치,기존 이름별 초상 연결,,
placeholder:silla_equilibrium_632:emishi,에미시 수장 미상,placeholder,,,unknown,,,,,632 에미시 연맹:현재 명령 지도 밖/미배치,기존 이름별 초상 연결,,
placeholder:silla_equilibrium_632:hayato,하야토 수장 미상,placeholder,,,unknown,,,,,632 하야토 부족연맹:현재 명령 지도 밖/미배치,기존 이름별 초상 연결,,
placeholder:silla_tang_war_670:pugu,복골 수장,placeholder,,,unknown,,,,,670 복골:steppe_pugu,기존 이름별 초상 연결,,
placeholder:silla_tang_war_670:tongluo,동라 수장,placeholder,,,unknown,,,,,670 동라:steppe_tongluo,기존 이름별 초상 연결,,
placeholder:silla_tang_war_670:bayegu,발야고 수장,placeholder,,,unknown,,,,,670 발야고:steppe_bayegu,기존 이름별 초상 연결,,
placeholder:silla_tang_war_670:sijie,사결 수장,placeholder,,,unknown,,,,,670 사결:steppe_sijie,기존 이름별 초상 연결,,
placeholder:silla_tang_war_670:qibi,계필 수장,placeholder,,,unknown,,,,,670 계필:steppe_qibi,기존 이름별 초상 연결,,
placeholder:silla_tang_war_670:hun,혼 수장,placeholder,,,unknown,,,,,670 혼:steppe_hun,기존 이름별 초상 연결,,
placeholder:silla_tang_war_670:duolange,다람갈 수장,placeholder,,,unknown,,,,,670 다람갈:steppe_duolange,기존 이름별 초상 연결,,
placeholder:silla_tang_war_670:adie,아질 수장,placeholder,,,unknown,,,,,670 아질:steppe_adie,기존 이름별 초상 연결,,
placeholder:silla_tang_war_670:tsukushi,쓰쿠시 수장 미상,placeholder,,,unknown,,,,,670 쓰쿠시 해상세력:현재 명령 지도 밖/미배치,기존 이름별 초상 연결,,
placeholder:silla_tang_war_670:kibi,기비 수장 미상,placeholder,,,unknown,,,,,670 기비 호족연합:현재 명령 지도 밖/미배치,기존 이름별 초상 연결,,
placeholder:silla_tang_war_670:koshi_abe,고시 수장 미상,placeholder,,,unknown,,,,,670 고시 호족권:현재 명령 지도 밖/미배치,기존 이름별 초상 연결,,
placeholder:silla_tang_war_670:hayato,하야토 수장 미상,placeholder,,,unknown,,,,,670 하야토 부족연맹:현재 명령 지도 밖/미배치,기존 이름별 초상 연결,,
